14,358405552000,1848376
14,0943182405,1847384
2,0943183805,1847382
3,0943185805,1847386
14,358405552000,1848376
14,0943182405,1847384
2,0943183805,1847382
3,0943185805,1847386
14,358405552000,1848376
14,0943182405,1847384
2,0943183805,1847382
3,0943185805,1847386
14,358405552000,1848376
14,0943182405,1847384
2,0943183805,1847382
3,0943185805,1847386
14,358405552000,1848376
14,0943182405,1847384
2,0943183805,1847382
3,0943185805,1847386
14,358405552000,1848376
14,0943182405,1847384
2,0943183805,1847382
3,0943185805,1847386
14,358405552000,1848376
14,0943182405,1847384
2,0943183805,1847382
3,0943185805,1847386
14,358405552000,1848376
14,0943182405,1847384
2,0943183805,1847382
3,0943185805,1847386
14,358405552000,1848376
14,0943182405,1847384
2,0943183805,1847382
3,0943185805,1847386
14,358405552000,1848376
14,0943182405,1847384
2,0943183805,1847382
3,0943185805,1847386
14,358405552000,1848376
14,0943182405,1847384
2,0943183805,1847382
3,0943185805,1847386
14,358405552000,1848376
14,0943182405,1847384
2,0943183805,1847382
3,0943185805,1847386
14,358405552000,1848376
14,0943182405,1847384
2,0943183805,1847382
3,0943185805,1847386
14,358405552000,1848376
14,0943182405,1847384
2,0943183805,1847382
3,0943185805,1847386
14,358405552000,1848376
14,0943182405,1847384
2,0943183805,1847382
3,0943185805,1847386
14,358405552000,1848376
14,0943182405,1847384
2,0943183805,1847382
3,0943185805,1847386
14,358405552000,1848376
14,0943182405,1847384
2,0943183805,1847382
3,0943185805,1847386
14,358405552000,1848376
14,0943182405,1847384
2,0943183805,1847382
3,0943185805,1847386
14,358405552000,1848376
14,0943182405,1847384
2,0943183805,1847382
3,0943185805,1847386
14,358405552000,1848376
14,0943182405,1847384
2,0943183805,1847382
3,0943185805,1847386
14,358405552000,1848376
14,0943182405,1847384
2,0943183805,1847382
3,0943185805,1847386
14,358405552000,1848376
14,0943182405,1847384
2,0943183805,1847382
3,0943185805,1847386
14,358405552000,1848376
14,0943182405,1847384
2,0943183805,1847382
3,0943185805,1847386
14,358405552000,1848376
14,0943182405,1847384
2,0943183805,1847382
3,0943185805,1847386
14,358405552000,1848376
14,0943182405,1847384
2,0943183805,1847382
3,0943185805,1847386
14,358405552000,1848376
14,0943182405,1847384
2,0943183805,1847382
3,0943185805,1847386
14,358405552000,1848376
14,0943182405,1847384
2,0943183805,1847382
3,0943185805,1847386
14,358405552000,1848376
14,0943182405,1847384
2,0943183805,1847382
3,0943185805,1847386
14,358405552000,1848376
14,0943182405,1847384
2,0943183805,1847382
3,0943185805,1847386
14,358405552000,1848376
14,0943182405,1847384
2,0943183805,1847382
3,0943185805,1847386
14,358405552000,1848376
14,0943182405,1847384
2,0943183805,1847382
3,0943185805,1847386
14,358405552000,1848376
14,0943182405,1847384
2,0943183805,1847382
3,0943185805,1847386
14,358405552000,1848376
14,0943182405,1847384
2,0943183805,1847382
3,0943185805,1847386
14,358405552000,1848376
14,0943182405,1847384
2,0943183805,1847382
3,0943185805,1847386
14,358405552000,1848376
14,0943182405,1847384
2,0943183805,1847382
3,0943185805,1847386
14,358405552000,1848376
14,0943182405,1847384
2,0943183805,1847382
3,0943185805,1847386
14,358405552000,1848376
14,0943182405,1847384
2,0943183805,1847382
3,0943185805,1847386
14,358405552000,1848376
14,0943182405,1847384
2,0943183805,1847382
3,0943185805,1847386
14,358405552000,1848376
14,0943182405,1847384
2,0943183805,1847382
3,0943185805,1847386
14,358405552000,1848376
14,0943182405,1847384
2,0943183805,1847382
3,0943185805,1847386
14,358405552000,1848376
14,0943182405,1847384
2,0943183805,1847382
3,0943185805,1847386
14,358405552000,1848376
14,0943182405,1847384
2,0943183805,1847382
3,0943185805,1847386
14,358405552000,1848376
14,0943182405,1847384
2,0943183805,1847382
3,0943185805,1847386
14,358405552000,1848376
14,0943182405,1847384
2,0943183805,1847382
3,0943185805,1847386
14,358405552000,1848376
14,0943182405,1847384
2,0943183805,1847382
3,0943185805,1847386
14,358405552000,1848376
14,0943182405,1847384
2,0943183805,1847382
3,0943185805,1847386
14,358405552000,1848376
14,0943182405,1847384
2,0943183805,1847382
3,0943185805,1847386
14,358405552000,1848376
14,0943182405,1847384
2,0943183805,1847382
3,0943185805,1847386
14,358405552000,1848376
14,0943182405,1847384
2,0943183805,1847382
3,0943185805,1847386
14,358405552000,1848376
14,0943182405,1847384
2,0943183805,1847382
3,0943185805,1847386
14,358405552000,1848376
14,0943182405,1847384
2,0943183805,1847382
3,0943185805,1847386
14,358405552000,1848376
14,0943182405,1847384
2,0943183805,1847382
3,0943185805,1847386
14,358405552000,1848376
14,0943182405,1847384
2,0943183805,1847382
3,0943185805,1847386
14,358405552000,1848376
14,0943182405,1847384
2,0943183805,1847382
3,0943185805,1847386
14,358405552000,1848376
14,0943182405,1847384
2,0943183805,1847382
3,0943185805,1847386
14,358405552000,1848376
14,0943182405,1847384
2,0943183805,1847382
3,0943185805,1847386
14,358405552000,1848376
14,0943182405,1847384
2,0943183805,1847382
3,0943185805,1847386
14,358405552000,1848376
14,0943182405,1847384
2,0943183805,1847382
3,0943185805,1847386
14,358405552000,1848376
14,0943182405,1847384
2,0943183805,1847382
3,0943185805,1847386
14,358405552000,1848376
14,0943182405,1847384
2,0943183805,1847382
3,0943185805,1847386
14,358405552000,1848376
14,0943182405,1847384
2,0943183805,1847382
3,0943185805,1847386
14,358405552000,1848376
14,0943182405,1847384
2,0943183805,1847382
3,0943185805,1847386
14,358405552000,1848376
14,0943182405,1847384
2,0943183805,1847382
3,0943185805,1847386
14,358405552000,1848376
14,0943182405,1847384
2,0943183805,1847382
3,0943185805,1847386